{"cameraMode":{"drawMode":0,"name":"Shaded","section":"Shading Mode"},"sceneLighting":true,"audioPlay":false,"sceneViewState":{"showFog":true,"showMaterialUpdate":false,"showSkybox":true,"showFlares":true,"showImageEffects":true,"showParticleSystems":true},"in2DMode":false,"pivot":{"x":-1663.430419921875,"y":-142.69886779785157,"z":132.523681640625},"rotation":{"x":-0.1396866887807846,"y":0.8152570724487305,"z":-0.2197568416595459,"w":-0.5174365639686585},"size":900.1409912109375,"orthographic":true}