{"cameraMode":{"drawMode":0,"name":"Shaded","section":"Shading Mode"},"sceneLighting":true,"audioPlay":false,"sceneViewState":{"showFog":true,"showMaterialUpdate":false,"showSkybox":true,"showFlares":true,"showImageEffects":true,"showParticleSystems":true},"in2DMode":false,"pivot":{"x":-458.581298828125,"y":52.030738830566409,"z":638.23876953125},"rotation":{"x":-0.23415414988994599,"y":0.024789823219180108,"z":-0.0057090939953923229,"w":-0.9719239473342896},"size":2158.183837890625,"orthographic":true}