{"cameraMode":{"drawMode":0,"name":"Shaded","section":"Shading Mode"},"sceneLighting":true,"audioPlay":false,"sceneViewState":{"showFog":true,"showMaterialUpdate":false,"showSkybox":true,"showFlares":true,"showImageEffects":true,"showParticleSystems":true},"in2DMode":false,"pivot":{"x":-20.693309783935548,"y":104.53044891357422,"z":59.39118957519531},"rotation":{"x":-0.20268426835536958,"y":0.08595848828554154,"z":-0.017869899049401284,"w":-0.9753214716911316},"size":219.8798370361328,"orthographic":false}