{"cameraMode":{"drawMode":0,"name":"Shaded","section":"Shading Mode"},"sceneLighting":true,"audioPlay":false,"sceneViewState":{"showFog":true,"showMaterialUpdate":false,"showSkybox":true,"showFlares":true,"showImageEffects":true,"showParticleSystems":true},"in2DMode":false,"pivot":{"x":206.71917724609376,"y":-210.036376953125,"z":427.221923828125},"rotation":{"x":-0.3660118579864502,"y":0.5583246350288391,"z":-0.29990267753601076,"w":-0.6814678907394409},"size":2108.951171875,"orthographic":false}