{"cameraMode":{"drawMode":0,"name":"Shaded","section":"Shading Mode"},"sceneLighting":true,"audioPlay":false,"sceneViewState":{"showFog":true,"showMaterialUpdate":false,"showSkybox":true,"showFlares":true,"showImageEffects":true,"showParticleSystems":true},"in2DMode":false,"pivot":{"x":-27.752025604248048,"y":10.99220085144043,"z":-6.054559707641602},"rotation":{"x":0.03703048452734947,"y":-0.6105742454528809,"z":0.028591258451342584,"w":0.7906301021575928},"size":72.09820556640625,"orthographic":false}